Year,AOV_M11,AOV_M12,ActiveCustomers_M11,ActiveCustomers_M12,Orders_M11,Orders_M12,Revenue_M11,Revenue_M12,Revenue_DecMinusNov,Revenue_DecVsNov_Pct,Orders_DecMinusNov,Orders_DecVsNov_Pct,ActiveCustomers_DecMinusNov,ActiveCustomers_DecVsNov_Pct,AOV_DecMinusNov,AOV_DecVsNov_Pct
2009,,452.05291666666665,,955.0,,1512.0,,683504.01,,,,,,,,
2010,450.8929346733669,629.3422142857142,1607.0,885.0,2587.0,1400.0,1166460.022,881079.1,-285380.92200000014,-0.24465555322735277,-1187.0,-0.45883262466177044,-722.0,-0.4492843808338519,178.44927961234737,0.3957686312863131
2011,435.1545389537072,664.7923393316196,1664.0,615.0,2657.0,778.0,1156205.61,517208.44,-638997.1700000002,-0.552667418730134,-1879.0,-0.7071885585246518,-1049.0,-0.6304086538461539,229.6378003779124,0.5277155121260078
