Driver,CorrelationWithRevenue
Orders,0.9278163636620701
ActiveCustomers,0.9214763693962499
AOV,0.08712606846671807
